[{"model": "rocketitems.quality", "pk": 1, "fields": {"name": "Common", "sort": 1}}, {"model": "rocketitems.quality", "pk": 2, "fields": {"name": "Premium", "sort": 2}}, {"model": "rocketitems.quality", "pk": 3, "fields": {"name": "Uncommon", "sort": 3}}, {"model": "rocketitems.quality", "pk": 4, "fields": {"name": "Rare", "sort": 4}}, {"model": "rocketitems.quality", "pk": 5, "fields": {"name": "Very Rare", "sort": 6}}, {"model": "rocketitems.quality", "pk": 6, "fields": {"name": "Super Rare", "sort": 5}}, {"model": "rocketitems.quality", "pk": 7, "fields": {"name": "Import", "sort": 6}}, {"model": "rocketitems.quality", "pk": 8, "fields": {"name": "Limited", "sort": 4}}, {"model": "rocketitems.quality", "pk": 9, "fields": {"name": "Exotic", "sort": 7}}, {"model": "rocketitems.quality", "pk": 10, "fields": {"name": "Black Market", "sort": 10}}, {"model": "rocketitems.type", "pk": 1, "fields": {"name": "Wheels"}}, {"model": "rocketitems.type", "pk": 2, "fields": {"name": "Rocket Trails"}}, {"model": "rocketitems.type", "pk": 3, "fields": {"name": "Bodies"}}, {"model": "rocketitems.type", "pk": 4, "fields": {"name": "Antennas"}}, {"model": "rocketitems.type", "pk": 5, "fields": {"name": "Toppers"}}, {"model": "rocketitems.type", "pk": 6, "fields": {"name": "Decals"}}, {"model": "rocketitems.pack", "pk": 1, "fields": {"name": "Default", "release_date": null}}, {"model": "rocketitems.attribute", "pk": 1, "fields": {"name": "Lime", "type": "P", "description": "An item modifier"}}, {"model": "rocketitems.attribute", "pk": 2, "fields": {"name": "Purple", "type": "P", "description": "An item modifier"}}, {"model": "rocketitems.attribute", "pk": 4, "fields": {"name": "Black", "type": "P", "description": "An item modifier"}}, {"model": "rocketitems.attribute", "pk": 5, "fields": {"name": "Burnt Sienna", "type": "P", "description": "An item modifier"}}, {"model": "rocketitems.attribute", "pk": 6, "fields": {"name": "Cobalt", "type": "P", "description": "An item modifier"}}, {"model": "rocketitems.attribute", "pk": 7, "fields": {"name": "Crimson", "type": "P", "description": "An item modifier"}}, {"model": "rocketitems.attribute", "pk": 8, "fields": {"name": "Forest Green", "type": "P", "description": "An item modifier"}}, {"model": "rocketitems.attribute", "pk": 9, "fields": {"name": "Grey", "type": "P", "description": "An item modifier"}}, {"model": "rocketitems.attribute", "pk": 10, "fields": {"name": "Orange", "type": "P", "description": "An item modifier"}}, {"model": "rocketitems.attribute", "pk": 11, "fields": {"name": "Pink", "type": "P", "description": "An item modifier"}}, {"model": "rocketitems.attribute", "pk": 12, "fields": {"name": "Saffron", "type": "P", "description": "An item modifier"}}, {"model": "rocketitems.attribute", "pk": 13, "fields": {"name": "Sky-Blue", "type": "P", "description": "An item modifier"}}, {"model": "rocketitems.attribute", "pk": 14, "fields": {"name": "Titanium White", "type": "P", "description": "An item modifier"}}, {"model": "rocketitems.attribute", "pk": 15, "fields": {"name": "Acrobat", "type": "C", "description": "An item modifier"}}, {"model": "rocketitems.attribute", "pk": 16, "fields": {"name": "Aviator", "type": "C", "description": "An item modifier"}}, {"model": "rocketitems.attribute", "pk": 17, "fields": {"name": "Goalkeeper", "type": "C", "description": "An item modifier"}}, {"model": "rocketitems.attribute", "pk": 18, "fields": {"name": "Guardian", "type": "C", "description": "An item modifier"}}, {"model": "rocketitems.attribute", "pk": 19, "fields": {"name": "Juggler", "type": "C", "description": "An item modifier"}}, {"model": "rocketitems.attribute", "pk": 20, "fields": {"name": "Paragon", "type": "C", "description": "An item modifier"}}, {"model": "rocketitems.attribute", "pk": 21, "fields": {"name": "Playmaker", "type": "C", "description": "An item modifier"}}, {"model": "rocketitems.attribute", "pk": 22, "fields": {"name": "Scorer", "type": "C", "description": "An item modifier"}}, {"model": "rocketitems.attribute", "pk": 23, "fields": {"name": "Show-Off", "type": "C", "description": "An item modifier"}}, {"model": "rocketitems.attribute", "pk": 24, "fields": {"name": "Sniper", "type": "C", "description": "An item modifier"}}, {"model": "rocketitems.attribute", "pk": 25, "fields": {"name": "Striker", "type": "C", "description": "An item modifier"}}, {"model": "rocketitems.attribute", "pk": 26, "fields": {"name": "Sweeper", "type": "C", "description": "An item modifier"}}, {"model": "rocketitems.attribute", "pk": 27, "fields": {"name": "Tactician", "type": "C", "description": "An item modifier"}}, {"model": "rocketitems.attribute", "pk": 28, "fields": {"name": "Turtle", "type": "C", "description": "An item modifier"}}, {"model": "rocketitems.attribute", "pk": 29, "fields": {"name": "Victor", "type": "C", "description": "An item modifier"}}, {"model": "rocketitems.item", "pk": 1, "fields": {"name": "Alchemist", "quality": 1, "type": 1, "pack": 1, "pc_only": true, "xbox_only": false, "psn_only": false}}, {"model": "rocketitems.item", "pk": 2, "fields": {"name": "Ion Pink", "quality": 1, "type": 2, "pack": 1, "pc_only": false, "xbox_only": false, "psn_only": false}}, {"model": "rocketitems.item", "pk": 3, "fields": {"name": "Confetti", "quality": 1, "type": 2, "pack": 1, "pc_only": false, "xbox_only": false, "psn_only": false}}, {"model": "rocketitems.item", "pk": 4, "fields": {"name": "Datastream", "quality": 1, "type": 2, "pack": 1, "pc_only": false, "xbox_only": false, "psn_only": false}}, {"model": "rocketitems.item", "pk": 5, "fields": {"name": "Flamethrower", "quality": 1, "type": 2, "pack": 1, "pc_only": false, "xbox_only": false, "psn_only": false}}, {"model": "rocketitems.item", "pk": 6, "fields": {"name": "Flamethrower Blue", "quality": 1, "type": 2, "pack": 1, "pc_only": false, "xbox_only": false, "psn_only": false}}, {"model": "rocketitems.item", "pk": 7, "fields": {"name": "Flamethrower Green", "quality": 1, "type": 2, "pack": 1, "pc_only": false, "xbox_only": false, "psn_only": false}}, {"model": "rocketitems.item", "pk": 8, "fields": {"name": "Flamethrower Purple", "quality": 1, "type": 2, "pack": 1, "pc_only": false, "xbox_only": false, "psn_only": false}}, {"model": "rocketitems.item", "pk": 9, "fields": {"name": "Flamethrower Red", "quality": 1, "type": 2, "pack": 1, "pc_only": false, "xbox_only": false, "psn_only": false}}, {"model": "rocketitems.item", "pk": 10, "fields": {"name": "Flowers", "quality": 1, "type": 2, "pack": 1, "pc_only": false, "xbox_only": false, "psn_only": false}}, {"model": "rocketitems.item", "pk": 11, "fields": {"name": "Gold Rush (Alpha Reward)", "quality": 8, "type": 2, "pack": 1, "pc_only": false, "xbox_only": false, "psn_only": false}}, {"model": "rocketitems.item", "pk": 12, "fields": {"name": "Grass", "quality": 1, "type": 2, "pack": 1, "pc_only": false, "xbox_only": false, "psn_only": false}}, {"model": "rocketitems.item", "pk": 13, "fields": {"name": "Hydro", "quality": 1, "type": 2, "pack": 1, "pc_only": false, "xbox_only": false, "psn_only": false}}, {"model": "rocketitems.item", "pk": 14, "fields": {"name": "Ion Blue", "quality": 1, "type": 2, "pack": 1, "pc_only": false, "xbox_only": false, "psn_only": false}}, {"model": "rocketitems.item", "pk": 15, "fields": {"name": "Ion Green", "quality": 1, "type": 2, "pack": 1, "pc_only": false, "xbox_only": false, "psn_only": false}}, {"model": "rocketitems.item", "pk": 16, "fields": {"name": "Ion Purple", "quality": 1, "type": 2, "pack": 1, "pc_only": false, "xbox_only": false, "psn_only": false}}, {"model": "rocketitems.item", "pk": 17, "fields": {"name": "Ion Red", "quality": 1, "type": 2, "pack": 1, "pc_only": false, "xbox_only": false, "psn_only": false}}, {"model": "rocketitems.item", "pk": 18, "fields": {"name": "Ion Yellow", "quality": 1, "type": 2, "pack": 1, "pc_only": false, "xbox_only": false, "psn_only": false}}, {"model": "rocketitems.item", "pk": 19, "fields": {"name": "Money", "quality": 1, "type": 2, "pack": 1, "pc_only": false, "xbox_only": false, "psn_only": false}}, {"model": "rocketitems.item", "pk": 20, "fields": {"name": "Plasma", "quality": 1, "type": 2, "pack": 1, "pc_only": false, "xbox_only": false, "psn_only": false}}, {"model": "rocketitems.item", "pk": 21, "fields": {"name": "Rainbow", "quality": 1, "type": 2, "pack": 1, "pc_only": false, "xbox_only": false, "psn_only": false}}, {"model": "rocketitems.item", "pk": 22, "fields": {"name": "Sacred", "quality": 1, "type": 2, "pack": 1, "pc_only": false, "xbox_only": false, "psn_only": false}}, {"model": "rocketitems.item", "pk": 23, "fields": {"name": "Slime", "quality": 1, "type": 2, "pack": 1, "pc_only": false, "xbox_only": false, "psn_only": false}}, {"model": "rocketitems.item", "pk": 24, "fields": {"name": "Snowflakes", "quality": 1, "type": 2, "pack": 1, "pc_only": false, "xbox_only": false, "psn_only": false}}, {"model": "rocketitems.item", "pk": 25, "fields": {"name": "Sparkles", "quality": 1, "type": 2, "pack": 1, "pc_only": false, "xbox_only": false, "psn_only": false}}, {"model": "rocketitems.item", "pk": 26, "fields": {"name": "Standard Blue", "quality": 1, "type": 2, "pack": 1, "pc_only": false, "xbox_only": false, "psn_only": false}}, {"model": "rocketitems.item", "pk": 27, "fields": {"name": "Standard Pink", "quality": 1, "type": 2, "pack": 1, "pc_only": false, "xbox_only": false, "psn_only": false}}, {"model": "rocketitems.item", "pk": 28, "fields": {"name": "Standard Purple", "quality": 1, "type": 2, "pack": 1, "pc_only": false, "xbox_only": false, "psn_only": false}}, {"model": "rocketitems.item", "pk": 29, "fields": {"name": "Standard Red", "quality": 1, "type": 2, "pack": 1, "pc_only": false, "xbox_only": false, "psn_only": false}}, {"model": "rocketitems.item", "pk": 30, "fields": {"name": "Standard Yellow", "quality": 1, "type": 2, "pack": 1, "pc_only": false, "xbox_only": false, "psn_only": false}}, {"model": "rocketitems.item", "pk": 31, "fields": {"name": "Thermal", "quality": 1, "type": 2, "pack": 1, "pc_only": false, "xbox_only": false, "psn_only": false}}, {"model": "rocketitems.item", "pk": 32, "fields": {"name": "Thermal Blue", "quality": 1, "type": 2, "pack": 1, "pc_only": false, "xbox_only": false, "psn_only": false}}, {"model": "rocketitems.item", "pk": 33, "fields": {"name": "Thermal Green", "quality": 1, "type": 2, "pack": 1, "pc_only": false, "xbox_only": false, "psn_only": false}}, {"model": "rocketitems.item", "pk": 34, "fields": {"name": "Thermal Pink", "quality": 1, "type": 2, "pack": 1, "pc_only": false, "xbox_only": false, "psn_only": false}}, {"model": "rocketitems.item", "pk": 35, "fields": {"name": "Thermal Purple", "quality": 1, "type": 2, "pack": 1, "pc_only": false, "xbox_only": false, "psn_only": false}}, {"model": "rocketitems.item", "pk": 36, "fields": {"name": "Thermal Yellow", "quality": 1, "type": 2, "pack": 1, "pc_only": false, "xbox_only": false, "psn_only": false}}, {"model": "rocketitems.item", "pk": 37, "fields": {"name": "Bubbles", "quality": 1, "type": 2, "pack": 1, "pc_only": false, "xbox_only": false, "psn_only": false}}, {"model": "rocketitems.item", "pk": 38, "fields": {"name": "Flamethrower Pink", "quality": 1, "type": 2, "pack": 1, "pc_only": false, "xbox_only": false, "psn_only": false}}, {"model": "rocketitems.item", "pk": 39, "fields": {"name": "Nitrous", "quality": 2, "type": 2, "pack": 1, "pc_only": false, "xbox_only": false, "psn_only": false}}, {"model": "rocketitems.item", "pk": 40, "fields": {"name": "Burnout", "quality": 2, "type": 2, "pack": 1, "pc_only": false, "xbox_only": false, "psn_only": false}}, {"model": "rocketitems.item", "pk": 41, "fields": {"name": "Accelerato", "quality": 2, "type": 2, "pack": 1, "pc_only": false, "xbox_only": false, "psn_only": false}}, {"model": "rocketitems.item", "pk": 42, "fields": {"name": "Battle-Stars", "quality": 2, "type": 2, "pack": 1, "pc_only": false, "xbox_only": false, "psn_only": false}}, {"model": "rocketitems.item", "pk": 43, "fields": {"name": "Candy Corn", "quality": 8, "type": 2, "pack": 1, "pc_only": false, "xbox_only": false, "psn_only": false}}, {"model": "rocketitems.item", "pk": 44, "fields": {"name": "Nuts & Bolts", "quality": 2, "type": 2, "pack": 1, "pc_only": false, "xbox_only": false, "psn_only": false}}, {"model": "rocketitems.item", "pk": 45, "fields": {"name": "Sandstorm", "quality": 2, "type": 2, "pack": 1, "pc_only": false, "xbox_only": false, "psn_only": false}}, {"model": "rocketitems.item", "pk": 46, "fields": {"name": "Portal - Conversion Gel", "quality": 1, "type": 2, "pack": 1, "pc_only": false, "xbox_only": false, "psn_only": false}}, {"model": "rocketitems.item", "pk": 47, "fields": {"name": "Portal - Propulsion Gel", "quality": 1, "type": 2, "pack": 1, "pc_only": false, "xbox_only": false, "psn_only": false}}, {"model": "rocketitems.item", "pk": 48, "fields": {"name": "Portal - Repulsion Gel", "quality": 1, "type": 2, "pack": 1, "pc_only": false, "xbox_only": false, "psn_only": false}}, {"model": "rocketitems.item", "pk": 49, "fields": {"name": "Xmas", "quality": 8, "type": 2, "pack": 1, "pc_only": false, "xbox_only": false, "psn_only": false}}, {"model": "rocketitems.item", "pk": 50, "fields": {"name": "Batmobile", "quality": 2, "type": 2, "pack": 1, "pc_only": false, "xbox_only": false, "psn_only": false}}, {"model": "rocketitems.item", "pk": 51, "fields": {"name": "OutaTime", "quality": 2, "type": 2, "pack": 1, "pc_only": false, "xbox_only": false, "psn_only": false}}, {"model": "rocketitems.item", "pk": 52, "fields": {"name": "Season 2 - Challenger", "quality": 8, "type": 2, "pack": 1, "pc_only": false, "xbox_only": false, "psn_only": false}}, {"model": "rocketitems.item", "pk": 53, "fields": {"name": "Season 2 - Prospect", "quality": 8, "type": 2, "pack": 1, "pc_only": false, "xbox_only": false, "psn_only": false}}, {"model": "rocketitems.item", "pk": 54, "fields": {"name": "Season 2 - Star", "quality": 8, "type": 2, "pack": 1, "pc_only": false, "xbox_only": false, "psn_only": false}}, {"model": "rocketitems.item", "pk": 55, "fields": {"name": "Season 2 - Champion", "quality": 8, "type": 2, "pack": 1, "pc_only": false, "xbox_only": false, "psn_only": false}}, {"model": "rocketitems.item", "pk": 56, "fields": {"name": "Toon Smoke", "quality": 6, "type": 2, "pack": 1, "pc_only": false, "xbox_only": false, "psn_only": false}}, {"model": "rocketitems.item", "pk": 57, "fields": {"name": "Frostbite", "quality": 6, "type": 2, "pack": 1, "pc_only": false, "xbox_only": false, "psn_only": false}}, {"model": "rocketitems.item", "pk": 58, "fields": {"name": "Hearts", "quality": 6, "type": 2, "pack": 1, "pc_only": false, "xbox_only": false, "psn_only": false}}, {"model": "rocketitems.item", "pk": 59, "fields": {"name": "Lightning", "quality": 6, "type": 2, "pack": 1, "pc_only": false, "xbox_only": false, "psn_only": false}}, {"model": "rocketitems.item", "pk": 60, "fields": {"name": "Polygonal", "quality": 5, "type": 2, "pack": 1, "pc_only": false, "xbox_only": false, "psn_only": false}}, {"model": "rocketitems.item", "pk": 61, "fields": {"name": "Pixel Fire", "quality": 7, "type": 2, "pack": 1, "pc_only": false, "xbox_only": false, "psn_only": false}}, {"model": "rocketitems.item", "pk": 62, "fields": {"name": "Trinity", "quality": 7, "type": 2, "pack": 1, "pc_only": false, "xbox_only": false, "psn_only": false}}, {"model": "rocketitems.item", "pk": 63, "fields": {"name": "Octane", "quality": 1, "type": 3, "pack": 1, "pc_only": false, "xbox_only": false, "psn_only": false}}, {"model": "rocketitems.item", "pk": 64, "fields": {"name": "Sweet Tooth", "quality": 1, "type": 3, "pack": 1, "pc_only": false, "xbox_only": false, "psn_only": false}}, {"model": "rocketitems.item", "pk": 65, "fields": {"name": "Backfire", "quality": 1, "type": 3, "pack": 1, "pc_only": false, "xbox_only": false, "psn_only": false}}, {"model": "rocketitems.item", "pk": 66, "fields": {"name": "Breakout", "quality": 1, "type": 3, "pack": 1, "pc_only": false, "xbox_only": false, "psn_only": false}}, {"model": "rocketitems.item", "pk": 67, "fields": {"name": "Gizmo", "quality": 1, "type": 3, "pack": 1, "pc_only": false, "xbox_only": false, "psn_only": false}}, {"model": "rocketitems.item", "pk": 68, "fields": {"name": "Hotshot", "quality": 1, "type": 3, "pack": 1, "pc_only": false, "xbox_only": false, "psn_only": false}}, {"model": "rocketitems.item", "pk": 69, "fields": {"name": "Merc", "quality": 1, "type": 3, "pack": 1, "pc_only": false, "xbox_only": false, "psn_only": false}}, {"model": "rocketitems.item", "pk": 70, "fields": {"name": "Paladin", "quality": 1, "type": 3, "pack": 1, "pc_only": false, "xbox_only": false, "psn_only": false}}, {"model": "rocketitems.item", "pk": 71, "fields": {"name": "Road Hog", "quality": 1, "type": 3, "pack": 1, "pc_only": false, "xbox_only": false, "psn_only": false}}, {"model": "rocketitems.item", "pk": 72, "fields": {"name": "Venom", "quality": 1, "type": 3, "pack": 1, "pc_only": false, "xbox_only": false, "psn_only": false}}, {"model": "rocketitems.item", "pk": 73, "fields": {"name": "X-Devil", "quality": 1, "type": 3, "pack": 1, "pc_only": false, "xbox_only": false, "psn_only": false}}, {"model": "rocketitems.item", "pk": 74, "fields": {"name": "Takumi", "quality": 2, "type": 3, "pack": 1, "pc_only": false, "xbox_only": false, "psn_only": false}}, {"model": "rocketitems.item", "pk": 75, "fields": {"name": "Dominus", "quality": 2, "type": 3, "pack": 1, "pc_only": false, "xbox_only": false, "psn_only": false}}, {"model": "rocketitems.item", "pk": 76, "fields": {"name": "Scarab", "quality": 2, "type": 3, "pack": 1, "pc_only": false, "xbox_only": false, "psn_only": false}}, {"model": "rocketitems.item", "pk": 77, "fields": {"name": "Zippy", "quality": 2, "type": 3, "pack": 1, "pc_only": false, "xbox_only": false, "psn_only": false}}, {"model": "rocketitems.item", "pk": 78, "fields": {"name": "DeLorean Time Machine", "quality": 2, "type": 3, "pack": 1, "pc_only": false, "xbox_only": false, "psn_only": false}}, {"model": "rocketitems.item", "pk": 79, "fields": {"name": "Grog", "quality": 2, "type": 3, "pack": 1, "pc_only": false, "xbox_only": false, "psn_only": false}}, {"model": "rocketitems.item", "pk": 80, "fields": {"name": "Ripper", "quality": 2, "type": 3, "pack": 1, "pc_only": false, "xbox_only": false, "psn_only": false}}, {"model": "rocketitems.item", "pk": 81, "fields": {"name": "Aftershock", "quality": 2, "type": 3, "pack": 1, "pc_only": false, "xbox_only": false, "psn_only": false}}, {"model": "rocketitems.item", "pk": 82, "fields": {"name": "Marauder", "quality": 2, "type": 3, "pack": 1, "pc_only": false, "xbox_only": false, "psn_only": false}}, {"model": "rocketitems.item", "pk": 83, "fields": {"name": "Masamune", "quality": 2, "type": 3, "pack": 1, "pc_only": false, "xbox_only": false, "psn_only": false}}, {"model": "rocketitems.item", "pk": 84, "fields": {"name": "Esper", "quality": 2, "type": 3, "pack": 1, "pc_only": false, "xbox_only": false, "psn_only": false}}, {"model": "rocketitems.item", "pk": 85, "fields": {"name": "Dominus GT", "quality": 7, "type": 3, "pack": 1, "pc_only": false, "xbox_only": false, "psn_only": false}}, {"model": "rocketitems.item", "pk": 86, "fields": {"name": "Road Hog XL", "quality": 7, "type": 3, "pack": 1, "pc_only": false, "xbox_only": false, "psn_only": false}}, {"model": "rocketitems.item", "pk": 87, "fields": {"name": "Takumi RX-T", "quality": 7, "type": 3, "pack": 1, "pc_only": false, "xbox_only": false, "psn_only": false}}, {"model": "rocketitems.item", "pk": 88, "fields": {"name": "X-Devil MK2", "quality": 7, "type": 3, "pack": 1, "pc_only": false, "xbox_only": false, "psn_only": false}}, {"model": "rocketitems.item", "pk": 89, "fields": {"name": "Almas", "quality": 1, "type": 1, "pack": 1, "pc_only": false, "xbox_only": false, "psn_only": false}}, {"model": "rocketitems.item", "pk": 90, "fields": {"name": "Bender", "quality": 1, "type": 1, "pack": 1, "pc_only": false, "xbox_only": false, "psn_only": false}}, {"model": "rocketitems.item", "pk": 91, "fields": {"name": "Dieci", "quality": 1, "type": 1, "pack": 1, "pc_only": false, "xbox_only": false, "psn_only": false}}, {"model": "rocketitems.item", "pk": 92, "fields": {"name": "Falco", "quality": 1, "type": 1, "pack": 1, "pc_only": false, "xbox_only": false, "psn_only": false}}, {"model": "rocketitems.item", "pk": 93, "fields": {"name": "Foreman", "quality": 1, "type": 1, "pack": 1, "pc_only": false, "xbox_only": false, "psn_only": false}}, {"model": "rocketitems.item", "pk": 94, "fields": {"name": "Invader", "quality": 1, "type": 1, "pack": 1, "pc_only": false, "xbox_only": false, "psn_only": false}}, {"model": "rocketitems.item", "pk": 95, "fields": {"name": "Lowrider", "quality": 1, "type": 1, "pack": 1, "pc_only": false, "xbox_only": false, "psn_only": false}}, {"model": "rocketitems.item", "pk": 96, "fields": {"name": "Lucci", "quality": 1, "type": 1, "pack": 1, "pc_only": false, "xbox_only": false, "psn_only": false}}, {"model": "rocketitems.item", "pk": 97, "fields": {"name": "Mountaineer", "quality": 1, "type": 1, "pack": 1, "pc_only": false, "xbox_only": false, "psn_only": false}}, {"model": "rocketitems.item", "pk": 98, "fields": {"name": "Neptune", "quality": 1, "type": 1, "pack": 1, "pc_only": false, "xbox_only": false, "psn_only": false}}, {"model": "rocketitems.item", "pk": 99, "fields": {"name": "Octavian", "quality": 1, "type": 1, "pack": 1, "pc_only": false, "xbox_only": false, "psn_only": false}}, {"model": "rocketitems.item", "pk": 100, "fields": {"name": "OEM", "quality": 1, "type": 1, "pack": 1, "pc_only": false, "xbox_only": false, "psn_only": false}}, {"model": "rocketitems.item", "pk": 101, "fields": {"name": "Rat Rod", "quality": 1, "type": 1, "pack": 1, "pc_only": false, "xbox_only": false, "psn_only": false}}, {"model": "rocketitems.item", "pk": 102, "fields": {"name": "Spyder", "quality": 1, "type": 1, "pack": 1, "pc_only": false, "xbox_only": false, "psn_only": false}}, {"model": "rocketitems.item", "pk": 103, "fields": {"name": "Stallion", "quality": 1, "type": 1, "pack": 1, "pc_only": false, "xbox_only": false, "psn_only": false}}, {"model": "rocketitems.item", "pk": 104, "fields": {"name": "Stern", "quality": 1, "type": 1, "pack": 1, "pc_only": false, "xbox_only": false, "psn_only": false}}, {"model": "rocketitems.item", "pk": 105, "fields": {"name": "Sunburst", "quality": 1, "type": 1, "pack": 1, "pc_only": false, "xbox_only": false, "psn_only": false}}, {"model": "rocketitems.item", "pk": 106, "fields": {"name": "Tempest", "quality": 1, "type": 1, "pack": 1, "pc_only": false, "xbox_only": false, "psn_only": false}}, {"model": "rocketitems.item", "pk": 107, "fields": {"name": "Tomahawk", "quality": 1, "type": 1, "pack": 1, "pc_only": false, "xbox_only": false, "psn_only": false}}, {"model": "rocketitems.item", "pk": 108, "fields": {"name": "Trahere", "quality": 1, "type": 1, "pack": 1, "pc_only": false, "xbox_only": false, "psn_only": false}}, {"model": "rocketitems.item", "pk": 109, "fields": {"name": "Tunica", "quality": 1, "type": 1, "pack": 1, "pc_only": false, "xbox_only": false, "psn_only": false}}, {"model": "rocketitems.item", "pk": 110, "fields": {"name": "Veloce", "quality": 1, "type": 1, "pack": 1, "pc_only": false, "xbox_only": false, "psn_only": false}}, {"model": "rocketitems.item", "pk": 111, "fields": {"name": "Vortex", "quality": 1, "type": 1, "pack": 1, "pc_only": false, "xbox_only": false, "psn_only": false}}, {"model": "rocketitems.item", "pk": 112, "fields": {"name": "Goldstone (Alpha Reward)", "quality": 8, "type": 1, "pack": 1, "pc_only": false, "xbox_only": false, "psn_only": false}}, {"model": "rocketitems.item", "pk": 113, "fields": {"name": "Cristiano", "quality": 2, "type": 1, "pack": 1, "pc_only": false, "xbox_only": false, "psn_only": false}}, {"model": "rocketitems.item", "pk": 114, "fields": {"name": "Spinner", "quality": 2, "type": 1, "pack": 1, "pc_only": false, "xbox_only": false, "psn_only": false}}, {"model": "rocketitems.item", "pk": 115, "fields": {"name": "Servergate", "quality": 1, "type": 1, "pack": 1, "pc_only": false, "xbox_only": false, "psn_only": false}}, {"model": "rocketitems.item", "pk": 116, "fields": {"name": "Carriage", "quality": 8, "type": 1, "pack": 1, "pc_only": false, "xbox_only": false, "psn_only": false}}, {"model": "rocketitems.item", "pk": 117, "fields": {"name": "Chakram", "quality": 5, "type": 1, "pack": 1, "pc_only": false, "xbox_only": false, "psn_only": false}}, {"model": "rocketitems.item", "pk": 118, "fields": {"name": "Photon", "quality": 9, "type": 1, "pack": 1, "pc_only": false, "xbox_only": false, "psn_only": false}}, {"model": "rocketitems.item", "pk": 119, "fields": {"name": "Looper", "quality": 9, "type": 1, "pack": 1, "pc_only": false, "xbox_only": false, "psn_only": false}}, {"model": "rocketitems.item", "pk": 120, "fields": {"name": "Lobo", "quality": 9, "type": 1, "pack": 1, "pc_only": false, "xbox_only": false, "psn_only": false}}, {"model": "rocketitems.item", "pk": 121, "fields": {"name": "Cannonboy", "quality": 3, "type": 1, "pack": 1, "pc_only": false, "xbox_only": false, "psn_only": false}}, {"model": "rocketitems.item", "pk": 122, "fields": {"name": "Rhino 2", "quality": 3, "type": 1, "pack": 1, "pc_only": false, "xbox_only": false, "psn_only": false}}, {"model": "rocketitems.item", "pk": 123, "fields": {"name": "8-Ball", "quality": 1, "type": 4, "pack": 1, "pc_only": false, "xbox_only": false, "psn_only": false}}, {"model": "rocketitems.item", "pk": 124, "fields": {"name": "Blacklight: Retribution", "quality": 1, "type": 4, "pack": 1, "pc_only": false, "xbox_only": false, "psn_only": false}}, {"model": "rocketitems.item", "pk": 125, "fields": {"name": "Blue Chequered Flag", "quality": 1, "type": 4, "pack": 1, "pc_only": false, "xbox_only": false, "psn_only": false}}, {"model": "rocketitems.item", "pk": 126, "fields": {"name": "Camo Flag", "quality": 1, "type": 4, "pack": 1, "pc_only": false, "xbox_only": false, "psn_only": false}}, {"model": "rocketitems.item", "pk": 127, "fields": {"name": "Chroma", "quality": 1, "type": 4, "pack": 1, "pc_only": false, "xbox_only": false, "psn_only": false}}, {"model": "rocketitems.item", "pk": 128, "fields": {"name": "Dollar Sign", "quality": 1, "type": 4, "pack": 1, "pc_only": false, "xbox_only": false, "psn_only": false}}, {"model": "rocketitems.item", "pk": 129, "fields": {"name": "Edge of Space", "quality": 1, "type": 4, "pack": 1, "pc_only": false, "xbox_only": false, "psn_only": false}}, {"model": "rocketitems.item", "pk": 130, "fields": {"name": "Excalibur", "quality": 1, "type": 4, "pack": 1, "pc_only": false, "xbox_only": false, "psn_only": false}}, {"model": "rocketitems.item", "pk": 131, "fields": {"name": "Fenix Rage", "quality": 1, "type": 4, "pack": 1, "pc_only": false, "xbox_only": false, "psn_only": false}}, {"model": "rocketitems.item", "pk": 132, "fields": {"name": "Gingerbread Man", "quality": 1, "type": 4, "pack": 1, "pc_only": false, "xbox_only": false, "psn_only": false}}, {"model": "rocketitems.item", "pk": 133, "fields": {"name": "Gold Nugget (Beta Reward)", "quality": 8, "type": 4, "pack": 1, "pc_only": false, "xbox_only": false, "psn_only": false}}, {"model": "rocketitems.item", "pk": 134, "fields": {"name": "Heart", "quality": 1, "type": 4, "pack": 1, "pc_only": false, "xbox_only": false, "psn_only": false}}, {"model": "rocketitems.item", "pk": 135, "fields": {"name": "Horseshoe", "quality": 1, "type": 4, "pack": 1, "pc_only": false, "xbox_only": false, "psn_only": false}}, {"model": "rocketitems.item", "pk": 136, "fields": {"name": "Jolly Roger", "quality": 1, "type": 4, "pack": 1, "pc_only": false, "xbox_only": false, "psn_only": false}}, {"model": "rocketitems.item", "pk": 137, "fields": {"name": "Lightning Bolt", "quality": 1, "type": 4, "pack": 1, "pc_only": false, "xbox_only": false, "psn_only": false}}, {"model": "rocketitems.item", "pk": 138, "fields": {"name": "Loki", "quality": 1, "type": 4, "pack": 1, "pc_only": false, "xbox_only": false, "psn_only": false}}, {"model": "rocketitems.item", "pk": 139, "fields": {"name": "Peace", "quality": 1, "type": 4, "pack": 1, "pc_only": false, "xbox_only": false, "psn_only": false}}, {"model": "rocketitems.item", "pk": 140, "fields": {"name": "Safety Flag", "quality": 1, "type": 4, "pack": 1, "pc_only": false, "xbox_only": false, "psn_only": false}}, {"model": "rocketitems.item", "pk": 141, "fields": {"name": "Saturn", "quality": 1, "type": 4, "pack": 1, "pc_only": false, "xbox_only": false, "psn_only": false}}, {"model": "rocketitems.item", "pk": 142, "fields": {"name": "Shadowgate", "quality": 1, "type": 4, "pack": 1, "pc_only": false, "xbox_only": false, "psn_only": false}}, {"model": "rocketitems.item", "pk": 143, "fields": {"name": "Skull", "quality": 1, "type": 4, "pack": 1, "pc_only": false, "xbox_only": false, "psn_only": false}}, {"model": "rocketitems.item", "pk": 144, "fields": {"name": "Smiley", "quality": 1, "type": 4, "pack": 1, "pc_only": false, "xbox_only": false, "psn_only": false}}, {"model": "rocketitems.item", "pk": 145, "fields": {"name": "Snowman", "quality": 1, "type": 4, "pack": 1, "pc_only": false, "xbox_only": false, "psn_only": false}}, {"model": "rocketitems.item", "pk": 146, "fields": {"name": "Soccer Ball", "quality": 1, "type": 4, "pack": 1, "pc_only": false, "xbox_only": false, "psn_only": false}}, {"model": "rocketitems.item", "pk": 147, "fields": {"name": "Star", "quality": 1, "type": 4, "pack": 1, "pc_only": false, "xbox_only": false, "psn_only": false}}, {"model": "rocketitems.item", "pk": 148, "fields": {"name": "Strike Vector EX", "quality": 1, "type": 4, "pack": 1, "pc_only": false, "xbox_only": false, "psn_only": false}}, {"model": "rocketitems.item", "pk": 149, "fields": {"name": "Team Fat", "quality": 1, "type": 4, "pack": 1, "pc_only": false, "xbox_only": false, "psn_only": false}}, {"model": "rocketitems.item", "pk": 150, "fields": {"name": "Tennis Ball", "quality": 1, "type": 4, "pack": 1, "pc_only": false, "xbox_only": false, "psn_only": false}}, {"model": "rocketitems.item", "pk": 151, "fields": {"name": "Twitch", "quality": 1, "type": 4, "pack": 1, "pc_only": false, "xbox_only": false, "psn_only": false}}, {"model": "rocketitems.item", "pk": 152, "fields": {"name": "UFO", "quality": 1, "type": 4, "pack": 1, "pc_only": false, "xbox_only": false, "psn_only": false}}, {"model": "rocketitems.item", "pk": 153, "fields": {"name": "Unreal", "quality": 1, "type": 4, "pack": 1, "pc_only": false, "xbox_only": false, "psn_only": false}}, {"model": "rocketitems.item", "pk": 154, "fields": {"name": "Warframe", "quality": 1, "type": 4, "pack": 1, "pc_only": false, "xbox_only": false, "psn_only": false}}, {"model": "rocketitems.item", "pk": 155, "fields": {"name": "Country Flags", "quality": 1, "type": 4, "pack": 1, "pc_only": false, "xbox_only": false, "psn_only": false}}, {"model": "rocketitems.item", "pk": 156, "fields": {"name": "Blacklight", "quality": 1, "type": 4, "pack": 1, "pc_only": false, "xbox_only": false, "psn_only": false}}, {"model": "rocketitems.item", "pk": 157, "fields": {"name": "White Flag", "quality": 1, "type": 4, "pack": 1, "pc_only": false, "xbox_only": false, "psn_only": false}}, {"model": "rocketitems.item", "pk": 158, "fields": {"name": "Disconnect", "quality": 1, "type": 4, "pack": 1, "pc_only": false, "xbox_only": false, "psn_only": false}}, {"model": "rocketitems.item", "pk": 159, "fields": {"name": "Chivalry - Agatha Knights", "quality": 1, "type": 4, "pack": 1, "pc_only": false, "xbox_only": false, "psn_only": false}}, {"model": "rocketitems.item", "pk": 160, "fields": {"name": "Chivalry - Mason Order", "quality": 1, "type": 4, "pack": 1, "pc_only": false, "xbox_only": false, "psn_only": false}}, {"model": "rocketitems.item", "pk": 161, "fields": {"name": "Retro Ball - Urban", "quality": 2, "type": 4, "pack": 1, "pc_only": false, "xbox_only": false, "psn_only": false}}, {"model": "rocketitems.item", "pk": 162, "fields": {"name": "Retro Ball - Utopia", "quality": 2, "type": 4, "pack": 1, "pc_only": false, "xbox_only": false, "psn_only": false}}, {"model": "rocketitems.item", "pk": 163, "fields": {"name": "Calavera", "quality": 1, "type": 4, "pack": 1, "pc_only": false, "xbox_only": false, "psn_only": false}}, {"model": "rocketitems.item", "pk": 164, "fields": {"name": "Dave's Bread", "quality": 1, "type": 4, "pack": 1, "pc_only": false, "xbox_only": false, "psn_only": false}}, {"model": "rocketitems.item", "pk": 165, "fields": {"name": "Fuzzy Brute", "quality": 8, "type": 4, "pack": 1, "pc_only": false, "xbox_only": false, "psn_only": false}}, {"model": "rocketitems.item", "pk": 166, "fields": {"name": "Fuzzy Vamp", "quality": 8, "type": 4, "pack": 1, "pc_only": false, "xbox_only": false, "psn_only": false}}, {"model": "rocketitems.item", "pk": 167, "fields": {"name": "Reddit Snoo", "quality": 1, "type": 4, "pack": 1, "pc_only": false, "xbox_only": false, "psn_only": false}}, {"model": "rocketitems.item", "pk": 168, "fields": {"name": "The Game Awards - Statue", "quality": 1, "type": 4, "pack": 1, "pc_only": false, "xbox_only": false, "psn_only": false}}, {"model": "rocketitems.item", "pk": 169, "fields": {"name": "Nosgoth - Human", "quality": 1, "type": 4, "pack": 1, "pc_only": false, "xbox_only": false, "psn_only": false}}, {"model": "rocketitems.item", "pk": 170, "fields": {"name": "Nosgoth - Vampire", "quality": 1, "type": 4, "pack": 1, "pc_only": false, "xbox_only": false, "psn_only": false}}, {"model": "rocketitems.item", "pk": 171, "fields": {"name": "Nosgoth", "quality": 1, "type": 4, "pack": 1, "pc_only": false, "xbox_only": false, "psn_only": false}}, {"model": "rocketitems.item", "pk": 172, "fields": {"name": "Oddworld - Necrum", "quality": 1, "type": 4, "pack": 1, "pc_only": false, "xbox_only": false, "psn_only": false}}, {"model": "rocketitems.item", "pk": 173, "fields": {"name": "Unreal Tournament", "quality": 1, "type": 4, "pack": 1, "pc_only": false, "xbox_only": false, "psn_only": false}}, {"model": "rocketitems.item", "pk": 174, "fields": {"name": "Bomb Pole", "quality": 2, "type": 4, "pack": 1, "pc_only": false, "xbox_only": false, "psn_only": false}}, {"model": "rocketitems.item", "pk": 175, "fields": {"name": "Radioactive", "quality": 2, "type": 4, "pack": 1, "pc_only": false, "xbox_only": false, "psn_only": false}}, {"model": "rocketitems.item", "pk": 176, "fields": {"name": "Retro Ball - Wasteland", "quality": 2, "type": 4, "pack": 1, "pc_only": false, "xbox_only": false, "psn_only": false}}, {"model": "rocketitems.item", "pk": 177, "fields": {"name": "RL Garage", "quality": 1, "type": 4, "pack": 1, "pc_only": false, "xbox_only": false, "psn_only": false}}, {"model": "rocketitems.item", "pk": 178, "fields": {"name": "Candy Cane", "quality": 8, "type": 4, "pack": 1, "pc_only": false, "xbox_only": false, "psn_only": false}}, {"model": "rocketitems.item", "pk": 179, "fields": {"name": "Holiday Gift", "quality": 8, "type": 4, "pack": 1, "pc_only": false, "xbox_only": false, "psn_only": false}}, {"model": "rocketitems.item", "pk": 180, "fields": {"name": "Portal - Companion Cube", "quality": 1, "type": 4, "pack": 1, "pc_only": false, "xbox_only": false, "psn_only": false}}, {"model": "rocketitems.item", "pk": 181, "fields": {"name": "Portal - PotatOS", "quality": 1, "type": 4, "pack": 1, "pc_only": false, "xbox_only": false, "psn_only": false}}, {"model": "rocketitems.item", "pk": 182, "fields": {"name": "Rainbow Flag", "quality": 3, "type": 4, "pack": 1, "pc_only": false, "xbox_only": false, "psn_only": false}}, {"model": "rocketitems.item", "pk": 183, "fields": {"name": "Waffle", "quality": 3, "type": 4, "pack": 1, "pc_only": false, "xbox_only": false, "psn_only": false}}, {"model": "rocketitems.item", "pk": 184, "fields": {"name": "Rubber Duckie", "quality": 3, "type": 4, "pack": 1, "pc_only": false, "xbox_only": false, "psn_only": false}}, {"model": "rocketitems.item", "pk": 185, "fields": {"name": "Rocket", "quality": 3, "type": 4, "pack": 1, "pc_only": false, "xbox_only": false, "psn_only": false}}, {"model": "rocketitems.item", "pk": 186, "fields": {"name": "Pi\u00f1ata", "quality": 3, "type": 4, "pack": 1, "pc_only": false, "xbox_only": false, "psn_only": false}}, {"model": "rocketitems.item", "pk": 187, "fields": {"name": "Parrot", "quality": 3, "type": 4, "pack": 1, "pc_only": false, "xbox_only": false, "psn_only": false}}, {"model": "rocketitems.item", "pk": 188, "fields": {"name": "Moai", "quality": 3, "type": 4, "pack": 1, "pc_only": false, "xbox_only": false, "psn_only": false}}, {"model": "rocketitems.item", "pk": 189, "fields": {"name": "deadmau5", "quality": 3, "type": 4, "pack": 1, "pc_only": false, "xbox_only": false, "psn_only": false}}, {"model": "rocketitems.item", "pk": 190, "fields": {"name": "Hula Girl", "quality": 3, "type": 4, "pack": 1, "pc_only": false, "xbox_only": false, "psn_only": false}}, {"model": "rocketitems.item", "pk": 191, "fields": {"name": "Genie Lamp", "quality": 3, "type": 4, "pack": 1, "pc_only": false, "xbox_only": false, "psn_only": false}}, {"model": "rocketitems.item", "pk": 192, "fields": {"name": "Foam Finger", "quality": 3, "type": 4, "pack": 1, "pc_only": false, "xbox_only": false, "psn_only": false}}, {"model": "rocketitems.item", "pk": 193, "fields": {"name": "Venus Flytrap", "quality": 3, "type": 4, "pack": 1, "pc_only": false, "xbox_only": false, "psn_only": false}}, {"model": "rocketitems.item", "pk": 194, "fields": {"name": "Sunflower", "quality": 3, "type": 4, "pack": 1, "pc_only": false, "xbox_only": false, "psn_only": false}}, {"model": "rocketitems.item", "pk": 195, "fields": {"name": "Rose", "quality": 3, "type": 4, "pack": 1, "pc_only": false, "xbox_only": false, "psn_only": false}}, {"model": "rocketitems.item", "pk": 196, "fields": {"name": "Donut", "quality": 3, "type": 4, "pack": 1, "pc_only": false, "xbox_only": false, "psn_only": false}}, {"model": "rocketitems.item", "pk": 197, "fields": {"name": "Unreal Tournament - Flak Shell", "quality": 1, "type": 4, "pack": 1, "pc_only": false, "xbox_only": false, "psn_only": false}}, {"model": "rocketitems.item", "pk": 198, "fields": {"name": "Balloon Dog", "quality": 3, "type": 4, "pack": 1, "pc_only": false, "xbox_only": false, "psn_only": false}}, {"model": "rocketitems.item", "pk": 199, "fields": {"name": "Disco Ball", "quality": 3, "type": 4, "pack": 1, "pc_only": false, "xbox_only": false, "psn_only": false}}, {"model": "rocketitems.item", "pk": 200, "fields": {"name": "Cupcake", "quality": 3, "type": 4, "pack": 1, "pc_only": false, "xbox_only": false, "psn_only": false}}, {"model": "rocketitems.item", "pk": 201, "fields": {"name": "Chick Magnet", "quality": 3, "type": 4, "pack": 1, "pc_only": false, "xbox_only": false, "psn_only": false}}, {"model": "rocketitems.item", "pk": 202, "fields": {"name": "Candle", "quality": 3, "type": 4, "pack": 1, "pc_only": false, "xbox_only": false, "psn_only": false}}, {"model": "rocketitems.item", "pk": 203, "fields": {"name": "Alien", "quality": 3, "type": 4, "pack": 1, "pc_only": false, "xbox_only": false, "psn_only": false}}, {"model": "rocketitems.item", "pk": 204, "fields": {"name": "Batman", "quality": 2, "type": 4, "pack": 1, "pc_only": false, "xbox_only": false, "psn_only": false}}, {"model": "rocketitems.item", "pk": 205, "fields": {"name": "Superman", "quality": 2, "type": 4, "pack": 1, "pc_only": false, "xbox_only": false, "psn_only": false}}, {"model": "rocketitems.item", "pk": 206, "fields": {"name": "Wonder Woman", "quality": 2, "type": 4, "pack": 1, "pc_only": false, "xbox_only": false, "psn_only": false}}, {"model": "rocketitems.item", "pk": 207, "fields": {"name": "9GAG", "quality": 1, "type": 4, "pack": 1, "pc_only": false, "xbox_only": false, "psn_only": false}}, {"model": "rocketitems.item", "pk": 208, "fields": {"name": "DIV", "quality": 1, "type": 4, "pack": 1, "pc_only": false, "xbox_only": false, "psn_only": false}}, {"model": "rocketitems.item", "pk": 209, "fields": {"name": "Wakeup Ship", "quality": 1, "type": 4, "pack": 1, "pc_only": false, "xbox_only": false, "psn_only": false}}, {"model": "rocketitems.item", "pk": 210, "fields": {"name": "Discord", "quality": 1, "type": 4, "pack": 1, "pc_only": false, "xbox_only": false, "psn_only": false}}, {"model": "rocketitems.item", "pk": 211, "fields": {"name": "PAX", "quality": 1, "type": 4, "pack": 1, "pc_only": false, "xbox_only": false, "psn_only": false}}, {"model": "rocketitems.item", "pk": 212, "fields": {"name": "Penny Arcade", "quality": 1, "type": 4, "pack": 1, "pc_only": false, "xbox_only": false, "psn_only": false}}, {"model": "rocketitems.item", "pk": 213, "fields": {"name": "ScrewAttack!", "quality": 1, "type": 4, "pack": 1, "pc_only": false, "xbox_only": false, "psn_only": false}}, {"model": "rocketitems.item", "pk": 214, "fields": {"name": "Bobby Helmet", "quality": 1, "type": 5, "pack": 1, "pc_only": false, "xbox_only": false, "psn_only": false}}, {"model": "rocketitems.item", "pk": 215, "fields": {"name": "Br\u00fcnnehilde", "quality": 1, "type": 5, "pack": 1, "pc_only": false, "xbox_only": false, "psn_only": false}}, {"model": "rocketitems.item", "pk": 216, "fields": {"name": "Cherry Top", "quality": 1, "type": 5, "pack": 1, "pc_only": false, "xbox_only": false, "psn_only": false}}, {"model": "rocketitems.item", "pk": 217, "fields": {"name": "Devil Horns", "quality": 1, "type": 5, "pack": 1, "pc_only": false, "xbox_only": false, "psn_only": false}}, {"model": "rocketitems.item", "pk": 218, "fields": {"name": "Fez", "quality": 1, "type": 5, "pack": 1, "pc_only": false, "xbox_only": false, "psn_only": false}}, {"model": "rocketitems.item", "pk": 219, "fields": {"name": "Fire Helmet", "quality": 1, "type": 5, "pack": 1, "pc_only": false, "xbox_only": false, "psn_only": false}}, {"model": "rocketitems.item", "pk": 220, "fields": {"name": "Gold Cap (Alpha Reward)", "quality": 8, "type": 5, "pack": 1, "pc_only": false, "xbox_only": false, "psn_only": false}}, {"model": "rocketitems.item", "pk": 221, "fields": {"name": "Halo", "quality": 1, "type": 5, "pack": 1, "pc_only": false, "xbox_only": false, "psn_only": false}}, {"model": "rocketitems.item", "pk": 222, "fields": {"name": "Hard Hat", "quality": 1, "type": 5, "pack": 1, "pc_only": false, "xbox_only": false, "psn_only": false}}, {"model": "rocketitems.item", "pk": 223, "fields": {"name": "Mariachi Hat", "quality": 1, "type": 5, "pack": 1, "pc_only": false, "xbox_only": false, "psn_only": false}}, {"model": "rocketitems.item", "pk": 224, "fields": {"name": "Pirate's Hat", "quality": 1, "type": 5, "pack": 1, "pc_only": false, "xbox_only": false, "psn_only": false}}, {"model": "rocketitems.item", "pk": 225, "fields": {"name": "Pizza Topper", "quality": 1, "type": 5, "pack": 1, "pc_only": false, "xbox_only": false, "psn_only": false}}, {"model": "rocketitems.item", "pk": 226, "fields": {"name": "Propellerhead", "quality": 1, "type": 5, "pack": 1, "pc_only": false, "xbox_only": false, "psn_only": false}}, {"model": "rocketitems.item", "pk": 227, "fields": {"name": "Royal Crown", "quality": 1, "type": 5, "pack": 1, "pc_only": false, "xbox_only": false, "psn_only": false}}, {"model": "rocketitems.item", "pk": 228, "fields": {"name": "Sombrero", "quality": 1, "type": 5, "pack": 1, "pc_only": false, "xbox_only": false, "psn_only": false}}, {"model": "rocketitems.item", "pk": 229, "fields": {"name": "Taxi Topper", "quality": 1, "type": 5, "pack": 1, "pc_only": false, "xbox_only": false, "psn_only": false}}, {"model": "rocketitems.item", "pk": 230, "fields": {"name": "Top Hat", "quality": 1, "type": 5, "pack": 1, "pc_only": false, "xbox_only": false, "psn_only": false}}, {"model": "rocketitems.item", "pk": 231, "fields": {"name": "Witch's Hat", "quality": 1, "type": 5, "pack": 1, "pc_only": false, "xbox_only": false, "psn_only": false}}, {"model": "rocketitems.item", "pk": 232, "fields": {"name": "Wizard Hat", "quality": 1, "type": 5, "pack": 1, "pc_only": false, "xbox_only": false, "psn_only": false}}, {"model": "rocketitems.item", "pk": 233, "fields": {"name": "Cavalier", "quality": 2, "type": 5, "pack": 1, "pc_only": false, "xbox_only": false, "psn_only": false}}, {"model": "rocketitems.item", "pk": 234, "fields": {"name": "Locomotive", "quality": 2, "type": 5, "pack": 1, "pc_only": false, "xbox_only": false, "psn_only": false}}, {"model": "rocketitems.item", "pk": 235, "fields": {"name": "Pixelated Shades", "quality": 2, "type": 5, "pack": 1, "pc_only": false, "xbox_only": false, "psn_only": false}}, {"model": "rocketitems.item", "pk": 236, "fields": {"name": "Shark Fin", "quality": 2, "type": 5, "pack": 1, "pc_only": false, "xbox_only": false, "psn_only": false}}, {"model": "rocketitems.item", "pk": 237, "fields": {"name": "Pumpkin", "quality": 8, "type": 5, "pack": 1, "pc_only": false, "xbox_only": false, "psn_only": false}}, {"model": "rocketitems.item", "pk": 238, "fields": {"name": "Boombox", "quality": 2, "type": 5, "pack": 1, "pc_only": false, "xbox_only": false, "psn_only": false}}, {"model": "rocketitems.item", "pk": 239, "fields": {"name": "Cow Skull", "quality": 2, "type": 5, "pack": 1, "pc_only": false, "xbox_only": false, "psn_only": false}}, {"model": "rocketitems.item", "pk": 240, "fields": {"name": "Mohawk", "quality": 2, "type": 5, "pack": 1, "pc_only": false, "xbox_only": false, "psn_only": false}}, {"model": "rocketitems.item", "pk": 241, "fields": {"name": "Portal - Cake", "quality": 1, "type": 5, "pack": 1, "pc_only": false, "xbox_only": false, "psn_only": false}}, {"model": "rocketitems.item", "pk": 242, "fields": {"name": "Blitzen", "quality": 8, "type": 5, "pack": 1, "pc_only": false, "xbox_only": false, "psn_only": false}}, {"model": "rocketitems.item", "pk": 243, "fields": {"name": "Christmas Tree", "quality": 8, "type": 5, "pack": 1, "pc_only": false, "xbox_only": false, "psn_only": false}}, {"model": "rocketitems.item", "pk": 244, "fields": {"name": "Sad Sapling", "quality": 8, "type": 5, "pack": 1, "pc_only": false, "xbox_only": false, "psn_only": false}}, {"model": "rocketitems.item", "pk": 245, "fields": {"name": "Santa", "quality": 8, "type": 5, "pack": 1, "pc_only": false, "xbox_only": false, "psn_only": false}}, {"model": "rocketitems.item", "pk": 246, "fields": {"name": "Unicorn", "quality": 3, "type": 5, "pack": 1, "pc_only": false, "xbox_only": false, "psn_only": false}}, {"model": "rocketitems.item", "pk": 247, "fields": {"name": "Traffic Cone", "quality": 3, "type": 5, "pack": 1, "pc_only": false, "xbox_only": false, "psn_only": false}}, {"model": "rocketitems.item", "pk": 248, "fields": {"name": "Tiara", "quality": 3, "type": 5, "pack": 1, "pc_only": false, "xbox_only": false, "psn_only": false}}, {"model": "rocketitems.item", "pk": 249, "fields": {"name": "Shuriken", "quality": 3, "type": 5, "pack": 1, "pc_only": false, "xbox_only": false, "psn_only": false}}, {"model": "rocketitems.item", "pk": 250, "fields": {"name": "Rhino Horns", "quality": 3, "type": 5, "pack": 1, "pc_only": false, "xbox_only": false, "psn_only": false}}, {"model": "rocketitems.item", "pk": 251, "fields": {"name": "Mouse Trap", "quality": 3, "type": 5, "pack": 1, "pc_only": false, "xbox_only": false, "psn_only": false}}, {"model": "rocketitems.item", "pk": 252, "fields": {"name": "Rasta", "quality": 3, "type": 5, "pack": 1, "pc_only": false, "xbox_only": false, "psn_only": false}}, {"model": "rocketitems.item", "pk": 253, "fields": {"name": "Police Hat", "quality": 3, "type": 5, "pack": 1, "pc_only": false, "xbox_only": false, "psn_only": false}}, {"model": "rocketitems.item", "pk": 254, "fields": {"name": "Plunger", "quality": 3, "type": 5, "pack": 1, "pc_only": false, "xbox_only": false, "psn_only": false}}, {"model": "rocketitems.item", "pk": 255, "fields": {"name": "Paper Boat", "quality": 3, "type": 5, "pack": 1, "pc_only": false, "xbox_only": false, "psn_only": false}}, {"model": "rocketitems.item", "pk": 256, "fields": {"name": "Graduation Cap", "quality": 3, "type": 5, "pack": 1, "pc_only": false, "xbox_only": false, "psn_only": false}}, {"model": "rocketitems.item", "pk": 257, "fields": {"name": "Bowler", "quality": 3, "type": 5, "pack": 1, "pc_only": false, "xbox_only": false, "psn_only": false}}, {"model": "rocketitems.item", "pk": 258, "fields": {"name": "Fruit Hat", "quality": 3, "type": 5, "pack": 1, "pc_only": false, "xbox_only": false, "psn_only": false}}, {"model": "rocketitems.item", "pk": 259, "fields": {"name": "Brodie Helmet", "quality": 3, "type": 5, "pack": 1, "pc_only": false, "xbox_only": false, "psn_only": false}}, {"model": "rocketitems.item", "pk": 260, "fields": {"name": "Homburg", "quality": 3, "type": 5, "pack": 1, "pc_only": false, "xbox_only": false, "psn_only": false}}, {"model": "rocketitems.item", "pk": 261, "fields": {"name": "Brown Derby", "quality": 3, "type": 5, "pack": 1, "pc_only": false, "xbox_only": false, "psn_only": false}}, {"model": "rocketitems.item", "pk": 262, "fields": {"name": "Deerstalker", "quality": 3, "type": 5, "pack": 1, "pc_only": false, "xbox_only": false, "psn_only": false}}, {"model": "rocketitems.item", "pk": 263, "fields": {"name": "Cockroach", "quality": 3, "type": 5, "pack": 1, "pc_only": false, "xbox_only": false, "psn_only": false}}, {"model": "rocketitems.item", "pk": 264, "fields": {"name": "Chef's Hat", "quality": 3, "type": 5, "pack": 1, "pc_only": false, "xbox_only": false, "psn_only": false}}, {"model": "rocketitems.item", "pk": 265, "fields": {"name": "Chainsaw", "quality": 3, "type": 5, "pack": 1, "pc_only": false, "xbox_only": false, "psn_only": false}}, {"model": "rocketitems.item", "pk": 266, "fields": {"name": "Captain's Hat", "quality": 3, "type": 5, "pack": 1, "pc_only": false, "xbox_only": false, "psn_only": false}}, {"model": "rocketitems.item", "pk": 267, "fields": {"name": "Work Boot", "quality": 3, "type": 5, "pack": 1, "pc_only": false, "xbox_only": false, "psn_only": false}}, {"model": "rocketitems.item", "pk": 268, "fields": {"name": "Birthday Cake", "quality": 3, "type": 5, "pack": 1, "pc_only": false, "xbox_only": false, "psn_only": false}}, {"model": "rocketitems.item", "pk": 269, "fields": {"name": "Biker Cap", "quality": 3, "type": 5, "pack": 1, "pc_only": false, "xbox_only": false, "psn_only": false}}, {"model": "rocketitems.item", "pk": 270, "fields": {"name": "Red Beret", "quality": 3, "type": 5, "pack": 1, "pc_only": false, "xbox_only": false, "psn_only": false}}, {"model": "rocketitems.item", "pk": 271, "fields": {"name": "Antlers", "quality": 3, "type": 5, "pack": 1, "pc_only": false, "xbox_only": false, "psn_only": false}}, {"model": "rocketitems.item", "pk": 272, "fields": {"name": "Season 1 - Bronze", "quality": 8, "type": 5, "pack": 1, "pc_only": false, "xbox_only": false, "psn_only": false}}, {"model": "rocketitems.item", "pk": 273, "fields": {"name": "Season 1 - Silver", "quality": 8, "type": 5, "pack": 1, "pc_only": false, "xbox_only": false, "psn_only": false}}, {"model": "rocketitems.item", "pk": 274, "fields": {"name": "Season 1 - Gold", "quality": 8, "type": 5, "pack": 1, "pc_only": false, "xbox_only": false, "psn_only": false}}, {"model": "rocketitems.item", "pk": 275, "fields": {"name": "Season 1 - Platinum", "quality": 8, "type": 5, "pack": 1, "pc_only": false, "xbox_only": false, "psn_only": false}}, {"model": "rocketitems.item", "pk": 276, "fields": {"name": "ROBO-Visor", "quality": 4, "type": 5, "pack": 1, "pc_only": false, "xbox_only": false, "psn_only": false}}, {"model": "rocketitems.item", "pk": 277, "fields": {"name": "Wildcat Ears", "quality": 4, "type": 5, "pack": 1, "pc_only": false, "xbox_only": false, "psn_only": false}}, {"model": "rocketitems.item", "pk": 278, "fields": {"name": "Drink Helmet", "quality": 4, "type": 5, "pack": 1, "pc_only": false, "xbox_only": false, "psn_only": false}}, {"model": "rocketitems.item", "pk": 279, "fields": {"name": "Pigeon", "quality": 3, "type": 5, "pack": 1, "pc_only": false, "xbox_only": false, "psn_only": false}}, {"model": "rocketitems.item", "pk": 280, "fields": {"name": "Bow", "quality": 3, "type": 5, "pack": 1, "pc_only": false, "xbox_only": false, "psn_only": false}}, {"model": "rocketitems.item", "pk": 281, "fields": {"name": "Cowboy Hat", "quality": 3, "type": 5, "pack": 1, "pc_only": false, "xbox_only": false, "psn_only": false}}, {"model": "rocketitems.item", "pk": 282, "fields": {"name": "Flat Hat", "quality": 3, "type": 5, "pack": 1, "pc_only": false, "xbox_only": false, "psn_only": false}}, {"model": "rocketitems.item", "pk": 283, "fields": {"name": "Golf Hat", "quality": 3, "type": 5, "pack": 1, "pc_only": false, "xbox_only": false, "psn_only": false}}, {"model": "rocketitems.item", "pk": 284, "fields": {"name": "Light Bulb", "quality": 3, "type": 5, "pack": 1, "pc_only": false, "xbox_only": false, "psn_only": false}}, {"model": "rocketitems.item", "pk": 285, "fields": {"name": "Party Hat", "quality": 3, "type": 5, "pack": 1, "pc_only": false, "xbox_only": false, "psn_only": false}}, {"model": "rocketitems.item", "pk": 286, "fields": {"name": "Trucker Hat", "quality": 3, "type": 5, "pack": 1, "pc_only": false, "xbox_only": false, "psn_only": false}}, {"model": "rocketitems.item", "pk": 287, "fields": {"name": "Visor", "quality": 3, "type": 5, "pack": 1, "pc_only": false, "xbox_only": false, "psn_only": false}}, {"model": "rocketitems.item", "pk": 288, "fields": {"name": "White Hat", "quality": 8, "type": 5, "pack": 1, "pc_only": false, "xbox_only": false, "psn_only": false}}, {"model": "rocketitems.item", "pk": 289, "fields": {"name": "Baseball Cap [F]", "quality": 3, "type": 5, "pack": 1, "pc_only": false, "xbox_only": false, "psn_only": false}}, {"model": "rocketitems.item", "pk": 290, "fields": {"name": "Baseball Cap [B]", "quality": 3, "type": 5, "pack": 1, "pc_only": false, "xbox_only": false, "psn_only": false}}, {"model": "rocketitems.item", "pk": 291, "fields": {"name": "Day Of The Tentacle", "quality": 1, "type": 5, "pack": 1, "pc_only": false, "xbox_only": false, "psn_only": false}}, {"model": "rocketitems.item", "pk": 292, "fields": {"name": "Slipstream", "quality": 10, "type": 6, "pack": 1, "pc_only": false, "xbox_only": false, "psn_only": false}}, {"model": "rocketitems.item", "pk": 293, "fields": {"name": "Techno", "quality": 3, "type": 6, "pack": 1, "pc_only": false, "xbox_only": false, "psn_only": false}}, {"model": "rocketitems.item", "pk": 294, "fields": {"name": "Mystery Universal", "quality": 10, "type": 6, "pack": 1, "pc_only": false, "xbox_only": false, "psn_only": false}}, {"model": "rocketitems.item", "pk": 295, "fields": {"name": "Parallax", "quality": 10, "type": 6, "pack": 1, "pc_only": false, "xbox_only": false, "psn_only": false}}, {"model": "rocketitems.item", "pk": 296, "fields": {"name": "Labyrinth", "quality": 10, "type": 6, "pack": 1, "pc_only": false, "xbox_only": false, "psn_only": false}}, {"model": "rocketitems.item", "pk": 297, "fields": {"name": "Heatwave", "quality": 10, "type": 6, "pack": 1, "pc_only": false, "xbox_only": false, "psn_only": false}}, {"model": "rocketitems.item", "pk": 298, "fields": {"name": "Gato", "quality": 2, "type": 6, "pack": 1, "pc_only": false, "xbox_only": false, "psn_only": false}}, {"model": "rocketitems.item", "pk": 299, "fields": {"name": "Mean Machine", "quality": 2, "type": 6, "pack": 1, "pc_only": false, "xbox_only": false, "psn_only": false}}, {"model": "rocketitems.item", "pk": 300, "fields": {"name": "Radiation", "quality": 2, "type": 6, "pack": 1, "pc_only": false, "xbox_only": false, "psn_only": false}}, {"model": "rocketitems.item", "pk": 301, "fields": {"name": "Shockwave", "quality": 2, "type": 6, "pack": 1, "pc_only": false, "xbox_only": false, "psn_only": false}}, {"model": "rocketitems.item", "pk": 302, "fields": {"name": "Tiger", "quality": 2, "type": 6, "pack": 1, "pc_only": false, "xbox_only": false, "psn_only": false}}, {"model": "rocketitems.item", "pk": 303, "fields": {"name": "Tech", "quality": 1, "type": 6, "pack": 1, "pc_only": false, "xbox_only": false, "psn_only": false}}, {"model": "rocketitems.item", "pk": 304, "fields": {"name": "Flames", "quality": 1, "type": 6, "pack": 1, "pc_only": false, "xbox_only": false, "psn_only": false}}, {"model": "rocketitems.item", "pk": 305, "fields": {"name": "Skulls", "quality": 1, "type": 6, "pack": 1, "pc_only": false, "xbox_only": false, "psn_only": false}}, {"model": "rocketitems.item", "pk": 306, "fields": {"name": "Stars", "quality": 1, "type": 6, "pack": 1, "pc_only": false, "xbox_only": false, "psn_only": false}}, {"model": "rocketitems.item", "pk": 307, "fields": {"name": "Stripes", "quality": 1, "type": 6, "pack": 1, "pc_only": false, "xbox_only": false, "psn_only": false}}, {"model": "rocketitems.item", "pk": 308, "fields": {"name": "Wings", "quality": 1, "type": 6, "pack": 1, "pc_only": false, "xbox_only": false, "psn_only": false}}, {"model": "rocketitems.item", "pk": 309, "fields": {"name": "Junk Food", "quality": 4, "type": 6, "pack": 1, "pc_only": false, "xbox_only": false, "psn_only": false}}, {"model": "rocketitems.item", "pk": 310, "fields": {"name": "Shibuya", "quality": 4, "type": 6, "pack": 1, "pc_only": false, "xbox_only": false, "psn_only": false}}, {"model": "rocketitems.item", "pk": 311, "fields": {"name": "Dot Matrix", "quality": 5, "type": 6, "pack": 1, "pc_only": false, "xbox_only": false, "psn_only": false}}, {"model": "rocketitems.item", "pk": 312, "fields": {"name": "Vice", "quality": 4, "type": 6, "pack": 1, "pc_only": false, "xbox_only": false, "psn_only": false}}, {"model": "rocketitems.item", "pk": 313, "fields": {"name": "Scorpions", "quality": 2, "type": 6, "pack": 1, "pc_only": false, "xbox_only": false, "psn_only": false}}, {"model": "rocketitems.item", "pk": 314, "fields": {"name": "Tats", "quality": 2, "type": 6, "pack": 1, "pc_only": false, "xbox_only": false, "psn_only": false}}, {"model": "rocketitems.item", "pk": 315, "fields": {"name": "Royalty", "quality": 4, "type": 6, "pack": 1, "pc_only": false, "xbox_only": false, "psn_only": false}}, {"model": "rocketitems.item", "pk": 316, "fields": {"name": "Arcana", "quality": 4, "type": 6, "pack": 1, "pc_only": false, "xbox_only": false, "psn_only": false}}, {"model": "rocketitems.item", "pk": 317, "fields": {"name": "Pollo Caliente", "quality": 4, "type": 6, "pack": 1, "pc_only": false, "xbox_only": false, "psn_only": false}}, {"model": "rocketitems.item", "pk": 318, "fields": {"name": "Snakeskin", "quality": 5, "type": 6, "pack": 1, "pc_only": false, "xbox_only": false, "psn_only": false}}, {"model": "rocketitems.item", "pk": 319, "fields": {"name": "Cutter", "quality": 2, "type": 6, "pack": 1, "pc_only": false, "xbox_only": false, "psn_only": false}}, {"model": "rocketitems.item", "pk": 320, "fields": {"name": "Formula", "quality": 2, "type": 6, "pack": 1, "pc_only": false, "xbox_only": false, "psn_only": false}}, {"model": "rocketitems.item", "pk": 321, "fields": {"name": "Kaiju", "quality": 2, "type": 6, "pack": 1, "pc_only": false, "xbox_only": false, "psn_only": false}}, {"model": "rocketitems.item", "pk": 322, "fields": {"name": "Mouse Cat", "quality": 2, "type": 6, "pack": 1, "pc_only": false, "xbox_only": false, "psn_only": false}}, {"model": "rocketitems.item", "pk": 323, "fields": {"name": "Neo", "quality": 2, "type": 6, "pack": 1, "pc_only": false, "xbox_only": false, "psn_only": false}}, {"model": "rocketitems.item", "pk": 324, "fields": {"name": "Pegasus", "quality": 2, "type": 6, "pack": 1, "pc_only": false, "xbox_only": false, "psn_only": false}}, {"model": "rocketitems.item", "pk": 325, "fields": {"name": "Bomber", "quality": 2, "type": 6, "pack": 1, "pc_only": false, "xbox_only": false, "psn_only": false}}, {"model": "rocketitems.item", "pk": 326, "fields": {"name": "Cyclops", "quality": 2, "type": 6, "pack": 1, "pc_only": false, "xbox_only": false, "psn_only": false}}, {"model": "rocketitems.item", "pk": 327, "fields": {"name": "Lepus", "quality": 2, "type": 6, "pack": 1, "pc_only": false, "xbox_only": false, "psn_only": false}}, {"model": "rocketitems.item", "pk": 328, "fields": {"name": "Tagged", "quality": 2, "type": 6, "pack": 1, "pc_only": false, "xbox_only": false, "psn_only": false}}, {"model": "rocketitems.item", "pk": 329, "fields": {"name": "Tribal", "quality": 2, "type": 6, "pack": 1, "pc_only": false, "xbox_only": false, "psn_only": false}}, {"model": "rocketitems.item", "pk": 330, "fields": {"name": "Avalanche", "quality": 2, "type": 6, "pack": 1, "pc_only": false, "xbox_only": false, "psn_only": false}}, {"model": "rocketitems.item", "pk": 331, "fields": {"name": "Big Buck", "quality": 2, "type": 6, "pack": 1, "pc_only": false, "xbox_only": false, "psn_only": false}}, {"model": "rocketitems.item", "pk": 332, "fields": {"name": "Gas Mask", "quality": 2, "type": 6, "pack": 1, "pc_only": false, "xbox_only": false, "psn_only": false}}, {"model": "rocketitems.item", "pk": 333, "fields": {"name": "Neo Stripes", "quality": 2, "type": 6, "pack": 1, "pc_only": false, "xbox_only": false, "psn_only": false}}, {"model": "rocketitems.item", "pk": 334, "fields": {"name": "Safari", "quality": 2, "type": 6, "pack": 1, "pc_only": false, "xbox_only": false, "psn_only": false}}, {"model": "rocketitems.item", "pk": 335, "fields": {"name": "Neo Flames", "quality": 2, "type": 6, "pack": 1, "pc_only": false, "xbox_only": false, "psn_only": false}}, {"model": "rocketitems.item", "pk": 336, "fields": {"name": "Neo Pill", "quality": 2, "type": 6, "pack": 1, "pc_only": false, "xbox_only": false, "psn_only": false}}, {"model": "rocketitems.item", "pk": 337, "fields": {"name": "Neo Squid", "quality": 2, "type": 6, "pack": 1, "pc_only": false, "xbox_only": false, "psn_only": false}}, {"model": "rocketitems.item", "pk": 338, "fields": {"name": "Neo Track", "quality": 2, "type": 6, "pack": 1, "pc_only": false, "xbox_only": false, "psn_only": false}}, {"model": "rocketitems.item", "pk": 339, "fields": {"name": "Dots", "quality": 1, "type": 6, "pack": 1, "pc_only": false, "xbox_only": false, "psn_only": false}}, {"model": "rocketitems.item", "pk": 340, "fields": {"name": "Narwhal", "quality": 4, "type": 6, "pack": 1, "pc_only": false, "xbox_only": false, "psn_only": false}}, {"model": "rocketitems.item", "pk": 341, "fields": {"name": "Warlock", "quality": 5, "type": 6, "pack": 1, "pc_only": false, "xbox_only": false, "psn_only": false}}, {"model": "rocketitems.item", "pk": 342, "fields": {"name": "Racer", "quality": 4, "type": 6, "pack": 1, "pc_only": false, "xbox_only": false, "psn_only": false}}, {"model": "rocketitems.item", "pk": 343, "fields": {"name": "Dragon Lord", "quality": 4, "type": 6, "pack": 1, "pc_only": false, "xbox_only": false, "psn_only": false}}, {"model": "rocketitems.item", "pk": 344, "fields": {"name": "Ockie", "quality": 2, "type": 6, "pack": 1, "pc_only": false, "xbox_only": false, "psn_only": false}}, {"model": "rocketitems.item", "pk": 345, "fields": {"name": "Shot Fox", "quality": 2, "type": 6, "pack": 1, "pc_only": false, "xbox_only": false, "psn_only": false}}, {"model": "rocketitems.item", "pk": 346, "fields": {"name": "Spikes", "quality": 2, "type": 6, "pack": 1, "pc_only": false, "xbox_only": false, "psn_only": false}}, {"model": "rocketitems.item", "pk": 347, "fields": {"name": "Derby Girl", "quality": 2, "type": 6, "pack": 1, "pc_only": false, "xbox_only": false, "psn_only": false}}, {"model": "rocketitems.item", "pk": 348, "fields": {"name": "Bomani", "quality": 2, "type": 6, "pack": 1, "pc_only": false, "xbox_only": false, "psn_only": false}}, {"model": "rocketitems.item", "pk": 349, "fields": {"name": "Chaser", "quality": 2, "type": 6, "pack": 1, "pc_only": false, "xbox_only": false, "psn_only": false}}, {"model": "rocketitems.item", "pk": 350, "fields": {"name": "Copycat", "quality": 2, "type": 6, "pack": 1, "pc_only": false, "xbox_only": false, "psn_only": false}}, {"model": "rocketitems.item", "pk": 351, "fields": {"name": "Crazy8", "quality": 2, "type": 6, "pack": 1, "pc_only": false, "xbox_only": false, "psn_only": false}}, {"model": "rocketitems.item", "pk": 352, "fields": {"name": "Gaki", "quality": 2, "type": 6, "pack": 1, "pc_only": false, "xbox_only": false, "psn_only": false}}, {"model": "rocketitems.item", "pk": 353, "fields": {"name": "Reiko", "quality": 2, "type": 6, "pack": 1, "pc_only": false, "xbox_only": false, "psn_only": false}}, {"model": "rocketitems.item", "pk": 354, "fields": {"name": "Combo", "quality": 4, "type": 6, "pack": 1, "pc_only": false, "xbox_only": false, "psn_only": false}}, {"model": "rocketitems.item", "pk": 355, "fields": {"name": "Anubis", "quality": 5, "type": 6, "pack": 1, "pc_only": false, "xbox_only": false, "psn_only": false}}, {"model": "rocketitems.item", "pk": 356, "fields": {"name": "Whizzle", "quality": 4, "type": 6, "pack": 1, "pc_only": false, "xbox_only": false, "psn_only": false}}, {"model": "rocketitems.item", "pk": 357, "fields": {"name": "Flex", "quality": 4, "type": 6, "pack": 1, "pc_only": false, "xbox_only": false, "psn_only": false}}, {"model": "rocketitems.item", "pk": 358, "fields": {"name": "Nine Lives", "quality": 4, "type": 6, "pack": 1, "pc_only": false, "xbox_only": false, "psn_only": false}}, {"model": "rocketitems.item", "pk": 359, "fields": {"name": "Caboodle", "quality": 2, "type": 6, "pack": 1, "pc_only": false, "xbox_only": false, "psn_only": false}}, {"model": "rocketitems.item", "pk": 360, "fields": {"name": "Callous", "quality": 2, "type": 6, "pack": 1, "pc_only": false, "xbox_only": false, "psn_only": false}}, {"model": "rocketitems.item", "pk": 361, "fields": {"name": "Leopard", "quality": 2, "type": 6, "pack": 1, "pc_only": false, "xbox_only": false, "psn_only": false}}]